reaction	value	status
12PPDt	0.9219480950504666	optimal
2DGLCNRx	0.921948095050458	optimal
2DGLCNRy	0.9219480950504683	optimal
2DGULRx	0.9219480950504587	optimal
2DGULRy	0.9219480950504985	optimal
3HCINNMH	0.9219480950504797	optimal
3HPPPNH	0.9219480950504692	optimal
4HTHRS	0.9219480950504655	optimal
5DGLCNR	0.921948095050468	optimal
A5PISO	0.0	optimal
AACPS1	0.9219480950504679	optimal
AACPS2	0.9219480950504618	optimal
AACPS3	0.9219480950504659	optimal
AACPS4	0.9219480950504678	optimal
AACPS5	0.9219480950504906	optimal
AADDGT	0.9219480950504678	optimal
AB6PGH	0.9219480950504659	optimal
ABTA	0.9219480950504622	optimal
ABUTD	0.9219480950504666	optimal
ABUTt2r	0.9219480950504599	optimal
ACACCT	0.9219480950504665	optimal
ACACT1r	0.9219480950504642	optimal
ACACt2	0.9219480950504672	optimal
ACALD	0.9219480950504677	optimal
ACALDt	0.921948095050463	optimal
ACBIPGT	0.9219480950504714	optimal
ACCOAC	-5.933816215163554e-17	optimal
ACCOAL	0.9219480950504729	optimal
ACGAMT	0.9219480950504776	optimal
ACGApts	0.9219480950504652	optimal
ACGK	1.333081347055719e-15	optimal
ACGS	-1.1348265428286284e-15	optimal
ACHBS	0.0	optimal
ACKr	0.9189654936901769	optimal
ACLS	-1.3881011692253913e-16	optimal
ACMAMUT	0.9219480950504501	optimal
ACMANApts	0.921948095050468	optimal
ACNAMt2	0.9219480950504656	optimal
ACNML	0.921948095050458	optimal
ACOATA	0.9219480950504757	optimal
ACODA	1.6674104629641393e-15	optimal
ACONMT	0.9219480950504717	optimal
ACONT	-8.632749681055007e-14	optimal
ACOTA	-8.504434814388841e-16	optimal
ACPS1	0.9219480950504679	optimal
ACS	0.9219480950504771	optimal
ACt2r	0.9219480950504625	optimal
ADA	0.9219480950504658	optimal
ADCL	2.400711351007951e-15	optimal
ADCS	-5.990715627836156e-16	optimal
ADD	0.9219480950504667	optimal
ADEt2	0.9219480950504659	optimal
ADHEr	0.9219480950504797	optimal
ADK1	0.9219480950504654	optimal
ADK3	0.9219480950504684	optimal
ADK4	0.9219480950503732	optimal
ADMDC	-1.380696868038166e-15	optimal
ADNCYC	0.9219480950504662	optimal
ADNK1	0.9219182569087169	optimal
ADNt2_copy1	0.9219480950504637	optimal
ADNt2_copy2	0.9219480950504616	optimal
ADOCBIK	0.9219480950504604	optimal
ADOCBLS	0.9219480950504596	optimal
ADPT	0.9219480950504744	optimal
ADSK	1.3379512520553223e-16	optimal
ADSL1r	-1.655867394150765e-14	optimal
ADSL2r	-7.00017914841075e-15	optimal
ADSS	6.8693139630931264e-15	optimal
AGDC	0.921948095050466	optimal
AGMHE	2.0083110866545156e-16	optimal
AGMT	0.9219480950504771	optimal
AGPR	4.703116307878169e-16	optimal
AHCYSNS	0.921948095050464	optimal
AHCi	0.9219480950504678	optimal
AICART	-1.2192208456781288e-16	optimal
AIRC2	-3.9054287746778375e-14	optimal
AIRC3	-2.2476669008965274e-14	optimal
AKGDH	0.9061290519890292	optimal
AKGt2r	0.9219480950504744	optimal
ALAALAr	-3.616877059871972e-16	optimal
ALAR_copy1	0.9219480950504227	optimal
ALAR_copy2	0.9219480950504779	optimal
ALATA_D2	0.9219480950504723	optimal
ALATA_L	4.745193514329825e-16	optimal
ALATA_L2	0.9219480950504585	optimal
ALAabc	0.921948095050461	optimal
ALAt2r	0.9219480950504635	optimal
ALCD19	0.9219480950504729	optimal
ALDD19xr	0.9219480950504625	optimal
ALDD2x	0.921948095050486	optimal
ALLTAHr	0.9219480950504501	optimal
ALLTN	0.9219480950504655	optimal
ALLTNt2r	0.921948095050468	optimal
ALTRH	0.9219480950504625	optimal
AMALT1	0.9219480950504684	optimal
AMALT2	0.9219480950504658	optimal
AMALT3	0.9219480950503424	optimal
AMALT4	0.9219480950504707	optimal
AMANAPEr	0.9219480950504678	optimal
AMANK	0.9219480950504501	optimal
AMAOTr	0.9219480950504678	optimal
AMMQT8_2	0.9219480950504599	optimal
AMPMS	0.9219480950504678	optimal
AMPN	0.9219480950504675	optimal
ANPRT	-1.1431162183678285e-15	optimal
ANS	2.343366135168827e-16	optimal
AOXSr	0.9219480950504501	optimal
AP4AH	0.9219480950504676	optimal
AP5AH	0.9219480950504707	optimal
APRAUR	-2.85921419274796e-16	optimal
ARAI	0.921948095050461	optimal
ARBabc	0.9219480950504744	optimal
ARBt2r	0.9219480950504598	optimal
ARGDC	0.9219480950504686	optimal
ARGORNt7	0.921948095050458	optimal
ARGSL	-2.8296782531142915e-17	optimal
ARGSS	2.2696530856572568e-15	optimal
ARGabc	0.9219480950504679	optimal
ASAD	3.1255511731207375e-16	optimal
ASNN	0.9219480950504717	optimal
ASNS1	0.9219480950504692	optimal
ASNS2	0.9209729624404274	optimal
ASNabc	0.9219480950504667	optimal
ASNt2r	0.9219480950504707	optimal
ASP1DC	4.543985572372108e-12	optimal
ASPCT	8.441947910756757e-16	optimal
ASPK	-9.664878076267161e-15	optimal
ASPO3_1	0.9219480950504785	optimal
ASPO4_1	0.9219480950504687	optimal
ASPO5_1	0.921948095050471	optimal
ASPO6_1	0.9219480950504779	optimal
ASPT	0.9219480950504634	optimal
ASPTA	-1.3459969819912182e-14	optimal
ASPabc	0.9219480950503732	optimal
ASPt2_2	0.9219480950504675	optimal
ASPt2_3	0.921948095050458	optimal
ASPt2r	0.9219480950504655	optimal
AST	0.921948095050479	optimal
ATPM	0.9569734170437322	optimal
ATPPRT	-8.986577038423725e-17	optimal
ATPS4r	0.36235850021725496	optimal
BETALDHx	0.9219480950504785	optimal
BETALDHy	0.9219480950504825	optimal
BIOMASS_Ecoli	0.0	optimal
BPNT	-1.2699726294794186e-15	optimal
BSORx	0.9219480950504569	optimal
BSORy	0.9219480950504654	optimal
BTS2	0.921948095050463	optimal
BUTCT	0.9219480950504663	optimal
BUTt2r	0.9219480950504715	optimal
C120SN	6.331460933067568e-16	optimal
C140SN	2.236040628980227e-16	optimal
C141SN	2.321934542900021e-16	optimal
C160SN	9.249290163469567e-13	optimal
C161SN	4.572464873471314e-16	optimal
C181SN	0.0	optimal
CADVt	0.9219480950504635	optimal
CAT	0.921948095050458	optimal
CBIAT_DELETE	0.9219480950504637	optimal
CBL1abc	0.9219480950504501	optimal
CBLAT_DELETE	0.9219480950504684	optimal
CBMKr	0.9130862810975984	optimal
CBPS	0.9219480950504707	optimal
CDAPPA_EC	0.9219480950504634	optimal
CDPMEK	0.9219480950504625	optimal
CHLabc	0.921948095050458	optimal
CHLt2	0.9219480950504679	optimal
CHORM	-1.5036473386163218e-16	optimal
CHORS	-4.82258324148189e-16	optimal
CHRPL	0.9219480950504653	optimal
CINNDO	0.9219480950504771	optimal
CITL	0.9219480950504662	optimal
CITt7	0.9219480950504797	optimal
CLPNS_EC	8.17333418507828e-16	optimal
CMPN	0.9219480950505567	optimal
CO2t	0.47910275455715634	optimal
CPPPGO	0.9219480950504679	optimal
CRNBTCT	0.9219480950504635	optimal
CRNCBCT	0.9219480950504604	optimal
CRNCDH	0.9219480950504678	optimal
CRNt7	0.9219480950504605	optimal
CS	3.505645892133161e-16	optimal
CSND	0.9219480950504666	optimal
CSNt2	0.9219480950504596	optimal
CTPS2	5.426966514057915e-16	optimal
CYANST	0.9219480950504635	optimal
CYNTAH	0.9219480950504662	optimal
CYNTt2	0.921948095050466	optimal
CYSDS	0.9219480950504764	optimal
CYSS	0.0	optimal
CYSTL	-3.5269785675226255e-16	optimal
CYSabc	0.9219480950504604	optimal
CYTBD	0.921948095050471	optimal
CYTBO3	0.8739732910484876	optimal
CYTD	0.9219480950504637	optimal
CYTDK2	0.9219480950504713	optimal
CYTDt2_copy1	0.9219480950504734	optimal
CYTDt2_copy2	0.9219480950504677	optimal
CYTK1	0.9190775763993421	optimal
CYTK2	0.921948095050471	optimal
DAAD	0.9219480950504604	optimal
DADA	0.9219480950504692	optimal
DADK	0.9219480950504655	optimal
DADNt2	0.9219480950504655	optimal
DAGK_EC	5.426966514057915e-16	optimal
DALAt2r	0.921948095050471	optimal
DAPDC	-7.731736226898429e-16	optimal
DAPE	-4.3526468980109276e-16	optimal
DAPabc	0.9219480950504683	optimal
DASYN_EC	3.3690921169821812e-16	optimal
DB4PS	0.0	optimal
DBTS	0.9219480950504714	optimal
DCTPD	0.9219480950503732	optimal
DCYTD	0.9219480950504725	optimal
DCYTt2	0.921948095050468	optimal
DDGALK	0.9219480950504626	optimal
DDGLCNt2r	0.9219480950504655	optimal
DDGLK	0.9219480950504677	optimal
DDPA	6.506431109426557e-16	optimal
DDPGALA	0.9219480950504744	optimal
DGK1	0.9219480950504723	optimal
DGSNt2	0.9219480950504679	optimal
DHAD1	-5.654231648819724e-15	optimal
DHAD2	-5.061528700000293e-13	optimal
DHAPT	0.9219480950504771	optimal
DHAt	0.9219480950504622	optimal
DHBD	0.9219480950504785	optimal
DHBSr	0.9219480950504761	optimal
DHCIND	0.9219480950504659	optimal
DHCINDO_1	0.9219480950504684	optimal
DHDPRy	0.0	optimal
DHDPS	-5.171957978620469e-16	optimal
DHFR	7.361115959844267e-15	optimal
DHFS_1	-4.565943990514631e-16	optimal
DHNAOT	0.9219480950504675	optimal
DHNPA2r	-7.83476441641967e-16	optimal
DHORD2	0.9219480950504634	optimal
DHORD5	0.9219480950504622	optimal
DHORTS	-2.7339460696338915e-16	optimal
DHPPD	0.9219480950504634	optimal
DHPPDA2	0.0	optimal
DHPS2_1	1.1601680837768596e-15	optimal
DHPTDCs	0.9219480950504558	optimal
DHQS	0.0	optimal
DHQTi	-4.664150603733778e-16	optimal
DINSt2	0.9219480950504558	optimal
DKGLCNR1	0.9219480950504667	optimal
DKGLCNR2x	0.9219480950504678	optimal
DKGLCNR2y	0.9219480950504716	optimal
DKMPPD	0.9219182569087163	optimal
DKMPPD2	0.921948095050461	optimal
DMATT	0.9219480950504667	optimal
DMPPS	0.9219480950504669	optimal
DMQMT	0.9219480950504906	optimal
DMSOR1	0.9219480950504775	optimal
DMSOR1e	0.921948095050438	optimal
DMSOR2	0.9219480950504719	optimal
DMSOR2e	0.9219480950504723	optimal
DNMPPA	1.663578792105177e-15	optimal
DNTPPA	9.815542151972089e-16	optimal
DOGULNR	0.9219480950504629	optimal
DPCOAK	3.2360479459825426e-10	optimal
DPR	-3.7889834274178946e-11	optimal
DRPA	0.9207381055003029	optimal
DSERt2	0.9219480950504692	optimal
DTMPK	4.553389379028713e-16	optimal
DURIK1	0.9219480950504685	optimal
DURIPP	0.921948095050501	optimal
DURIt2	0.9219480950504501	optimal
DUTPDP	0.9219480950504558	optimal
DXPRIi	0.9219480950504598	optimal
DXPS	0.921948095050458	optimal
DXYLK	0.9219480950504773	optimal
D_LACt2	0.9219480950504714	optimal
E4PD	0.9219480950504771	optimal
ECAP_EC	0.9219480950504548	optimal
EDA	0.9219480950504814	optimal
EDD	0.9219480950504657	optimal
EDTXS1	-1.3855519800328264e-12	optimal
EDTXS2	-6.041271088497293e-17	optimal
EDTXS3	0.9219480950504569	optimal
EDTXS4	0.921948095050479	optimal
ENO	0.7452932943570907	optimal
ENTCS_1	0.9219480950504892	optimal
ETHAAL	0.9219480950504714	optimal
ETOHt2r	0.9219480950504649	optimal
EX_12ppd__S_e	0.9219480950504604	optimal
EX_15dap_e	0.9219480950504569	optimal
EX_26dap__M_e	0.921948095050458	optimal
EX_2ddglcn_e	0.9219480950504715	optimal
EX_3hcinnm_e	0.9219480950504665	optimal
EX_3hpppn_e	0.9219480950504599	optimal
EX_4abut_e	0.9219480950504227	optimal
EX_ac_e	0.9219480950504707	optimal
EX_acac_e	0.9219480950504501	optimal
EX_acald_e	0.9219480950504614	optimal
EX_acgam_e	0.9219480950504587	optimal
EX_acmana_e	0.9219480950504745	optimal
EX_acnam_e	0.9219480950504639	optimal
EX_ade_e	0.921948095050461	optimal
EX_adn_e	0.9219480950504667	optimal
EX_akg_e	0.9219480950504825	optimal
EX_ala__D_e	0.9219480950504599	optimal
EX_ala__L_e	0.9219480950504717	optimal
EX_alltn_e	0.9219480950504677	optimal
EX_amp_e	0.9219480950504764	optimal
EX_arab__L_e	0.9219480950503732	optimal
EX_arg__L_e	0.921948095050486	optimal
EX_asn__L_e	0.921948095050474	optimal
EX_asp__L_e	0.921948095050461	optimal
EX_but_e	0.9219480950504655	optimal
EX_cbl1_e	0.9219480950504599	optimal
EX_chol_e	0.921948095050458	optimal
EX_cit_e	0.9219480950504684	optimal
EX_co2_e	0.47910275455715473	optimal
EX_crn_e	0.9219480950504599	optimal
EX_csn_e	0.921948095050463	optimal
EX_cynt_e	0.9219480950504653	optimal
EX_cys__L_e	0.9219480950504684	optimal
EX_cytd_e	0.9219480950504678	optimal
EX_dad_2_e	0.9219480950504678	optimal
EX_dcyt_e	0.9219480950504653	optimal
EX_dgsn_e	0.9219480950504656	optimal
EX_dha_e	0.9219480950504643	optimal
EX_din_e	0.9219480950504558	optimal
EX_dms_e	0.9219480950504672	optimal
EX_dmso_e	0.9219480950504679	optimal
EX_duri_e	0.9219480950504693	optimal
EX_etoh_e	0.9219480950504604	optimal
EX_fe2_e	0.9219480950504547	optimal
EX_for_e	0.9219480950504645	optimal
EX_fru_e	0.921948095050466	optimal
EX_fuc1p__L_e	0.9219480950504543	optimal
EX_fuc__L_e	0.9219480950504723	optimal
EX_fum_e	0.9219480950504666	optimal
EX_g6p_e	0.9219480950504648	optimal
EX_gal_e	0.921948095050479	optimal
EX_galct__D_e	0.9219480950504569	optimal
EX_galctn__D_e	0.9219480950504501	optimal
EX_galt_e	0.9219480950504745	optimal
EX_galur_e	0.9219480950504769	optimal
EX_gam_e	0.9219480950504745	optimal
EX_gbbtn_e	0.9219480950504775	optimal
EX_glc__D_e		infeasible
EX_glcn_e	0.921948095050495	optimal
EX_glcr_e	0.9219480950504769	optimal
EX_glcur_e	0.9219480950504685	optimal
EX_gln__L_e	0.9219480950504667	optimal
EX_glu__L_e	0.9219480950504775	optimal
EX_gly_e	0.9219480950504764	optimal
EX_glyald_e	0.921948095050468	optimal
EX_glyb_e	0.9219480950504706	optimal
EX_glyc3p_e	0.921948095050493	optimal
EX_glyc_e	0.9219480950504594	optimal
EX_glyclt_e	0.9219480950504757	optimal
EX_gsn_e	0.9219480950504678	optimal
EX_gua_e	0.9219480950504599	optimal
EX_h2o_e	0.2880996696567323	optimal
EX_h_e	-1.9653757830298865e-14	optimal
EX_hdca_e	0.9219480950504648	optimal
EX_his__L_e	0.9219480950504655	optimal
EX_hxan_e	0.9219480950504659	optimal
EX_idon__L_e	0.9219480950504659	optimal
EX_ile__L_e	0.9219480950504599	optimal
EX_indole_e	0.921948095050493	optimal
EX_ins_e	0.921948095050465	optimal
EX_k_e	0.9219480950504686	optimal
EX_lac__D_e	0.9219480950504693	optimal
EX_lac__L_e	0.9219480950504713	optimal
EX_lcts_e	0.9219480950504693	optimal
EX_leu__L_e	0.921948095050443	optimal
EX_lys__L_e	0.9219480950504639	optimal
EX_mal__L_e	0.9219480950504501	optimal
EX_malt_e	0.9219480950504686	optimal
EX_malthx_e	0.9219480950504659	optimal
EX_maltpt_e	0.9219480950504744	optimal
EX_malttr_e	0.9219480950504717	optimal
EX_maltttr_e	0.9219480950504627	optimal
EX_man6p_e	0.9219480950504639	optimal
EX_man_e	0.9219480950504652	optimal
EX_melib_e	0.9219480950504685	optimal
EX_met__D_e	0.9219480950504678	optimal
EX_met__L_e	0.9219480950504501	optimal
EX_mnl_e	0.9219480950504771	optimal
EX_na1_e	0.9219480950504677	optimal
EX_nac_e	0.9219480950504708	optimal
EX_nad_e	0.9219480950504707	optimal
EX_nh4_e	-4.625065488909553e-15	optimal
EX_nmn_e	0.9219480950504599	optimal
EX_no2_e	0.921948095050464	optimal
EX_no3_e	0.9219480950504693	optimal
EX_o2_e	0.21625391874423083	optimal
EX_ocdca_e	0.9219480950504654	optimal
EX_orn_e	0.9219480950504639	optimal
EX_phe__L_e	0.9219480950504797	optimal
EX_pi_e	-9.991999471194826e-15	optimal
EX_pnto__R_e	0.9219480950504814	optimal
EX_pppn_e	0.9219480950504707	optimal
EX_pro__L_e	0.9219480950504906	optimal
EX_ptrc_e	0.9219480950504596	optimal
EX_pyr_e	0.9219480950504655	optimal
EX_rib__D_e	0.9219480950504723	optimal
EX_rmn_e	0.9219480950504684	optimal
EX_sbt__D_e	0.9219480950504622	optimal
EX_ser__D_e	0.9219480950504679	optimal
EX_ser__L_e	0.9219480950504684	optimal
EX_so4_e	3.9691373668643635e-16	optimal
EX_spmd_e	0.9219480950504569	optimal
EX_succ_e	0.9219480950504667	optimal
EX_sucr_e	0.9219480950504655	optimal
EX_tartr__L_e	0.9219480950504596	optimal
EX_taur_e	0.9219480950504769	optimal
EX_thm_e	0.9219480950504729	optimal
EX_thr__L_e	0.9219480950504692	optimal
EX_thymd_e	0.9219480950504723	optimal
EX_tma_e	0.9219480950504652	optimal
EX_tmao_e	0.9219480950504665	optimal
EX_tre_e	0.9219480950504707	optimal
EX_trp__L_e	0.9219480950504648	optimal
EX_tsul_e	0.9219480950504662	optimal
EX_ttdca_e	0.9219480950504779	optimal
EX_tyr__L_e	0.9219480950504797	optimal
EX_ura_e	0.9219480950504569	optimal
EX_urea_e	0.921948095050466	optimal
EX_uri_e	0.9219480950504558	optimal
EX_val__L_e	0.9219480950504558	optimal
EX_xan_e	0.921948095050463	optimal
EX_xtsn_e	0.921948095050459	optimal
EX_xyl__D_e	0.921948095050471	optimal
F6PA	0.9219480950504548	optimal
FAO1	0.9219480950504825	optimal
FAO2	0.9219480950504659	optimal
FAO3	0.9219480950504676	optimal
FAO4	0.9219480950504598	optimal
FBA	0.908282145790756	optimal
FBP	0.921948095050486	optimal
FCI	0.9219480950504667	optimal
FCLK	0.9219480950504786	optimal
FCLPA	0.9219480950504654	optimal
FCLT	0.9219480950504638	optimal
FDH2	0.9219480950504776	optimal
FDH3	0.9219480950504643	optimal
FE2abc	0.921948095050443	optimal
FFSD	0.921948095050479	optimal
FHL	0.9219480950504723	optimal
FMNAT	-3.5013015327383055e-16	optimal
FORt	0.9219480950504676	optimal
FRD2	0.9219480950504707	optimal
FRD3	0.9219480950504626	optimal
FRUK	0.9219480950504745	optimal
FRUpts	0.9219480950504686	optimal
FRUpts2	0.921948095050495	optimal
FTHFD	0.9217166524181115	optimal
FUCPt6_2	0.9219480950504686	optimal
FUCt	0.9219480950504625	optimal
FUM	0.8458432199327762	optimal
FUMt2_2	0.9219480950504639	optimal
FUMt2_3	0.921948095050472	optimal
G1PACT	1.3896664856049008e-16	optimal
G1PP	0.9219480950504771	optimal
G1PTT	0.9219480950504227	optimal
G1SAT	0.9219480950504583	optimal
G3PD2	5.37813638518295e-16	optimal
G3PD5	0.9219480950504599	optimal
G3PD6	0.9219480950504594	optimal
G3PD7	0.9219480950504665	optimal
G5SADs	-1.7929865747224274e-17	optimal
G5SD	0.9210537901591513	optimal
G6PDA	0.9219480950504686	optimal
G6PDH2r	0.9014927680265651	optimal
G6Pt6_2	0.921948095050495	optimal
GALCTD	0.9219480950504667	optimal
GALCTND	0.9219480950504699	optimal
GALCTNt2r	0.9219480950504687	optimal
GALCTt2r	0.9219480950504649	optimal
GALKr	0.9219480950504662	optimal
GALS3	0.9219480950504629	optimal
GALTpts	0.9219480950504771	optimal
GALURt2r	0.9219480950504654	optimal
GALUi_copy1	0.9219480950504734	optimal
GALUi_copy2	0.9219480950504652	optimal
GALabc	0.9219480950504678	optimal
GALt2	0.921948095050479	optimal
GAMpts	0.9219480950504707	optimal
GAPD	0.6250126844973308	optimal
GARFT	0.919577155389735	optimal
GART	0.9219480950504764	optimal
GCALDD	-3.1358668752166744e-15	optimal
GDMANE	0.9219480950504666	optimal
GF6PTA	-4.664150603733778e-16	optimal
GHMT2r	0.8894834975901	optimal
GK1	-2.1196284094637293e-14	optimal
GLCDe	0.921948095050449	optimal
GLCNt2r	0.9219480950504558	optimal
GLCP	0.9219480950504684	optimal
GLCRAL	0.9219480950504685	optimal
GLCRD	0.9219480950504757	optimal
GLCRt2r	0.9219480950504227	optimal
GLCS1	5.347755565231885e-16	optimal
GLCURt2r	0.9219480950505142	optimal
GLCpts	0.8989725270624512	optimal
GLCt2	0.9219480950504652	optimal
GLGC	0.0	optimal
GLNS	-1.8588102351778285e-15	optimal
GLNabc	0.9219480950504652	optimal
GLTPD	0.921948095050456	optimal
GLU5K	0.921053790159143	optimal
GLUABUTt7	0.9219480950504614	optimal
GLUCYS	0.9219480950504413	optimal
GLUDC	0.9219480950504649	optimal
GLUDy	0.8529802577997538	optimal
GLUN	0.9219480950504609	optimal
GLUPRT	-3.916445149827135e-14	optimal
GLUR	3.573728946870058e-17	optimal
GLUSy	0.921948095050449	optimal
GLUTRR	0.9219480950504719	optimal
GLUTRS	0.9219480950504598	optimal
GLUabc	0.9219480950504717	optimal
GLUt2r	0.9219480950504713	optimal
GLUt4	0.9219480950504659	optimal
GLXCL	0.9219480950504501	optimal
GLYALDt	0.921948095050466	optimal
GLYAT	0.9219480950504227	optimal
GLYBabc	0.9219480950504205	optimal
GLYBt2r	0.9219480950118438	optimal
GLYC3Pabc	0.9219480950504583	optimal
GLYC3Pt6	0.9219480950504501	optimal
GLYCDx	0.9219480950504684	optimal
GLYCK	0.9219480950504685	optimal
GLYCL	0.9219480950504723	optimal
GLYCLTDx	0.921948095050464	optimal
GLYCLTDy	0.9219480950504684	optimal
GLYCLTt2r	0.9219480950504676	optimal
GLYCTO2	0.9219480950504583	optimal
GLYCTO3	0.9219480950504744	optimal
GLYCTO4	0.9219480950504797	optimal
GLYCt	0.921948095050474	optimal
GLYK	0.921941908805617	optimal
GLYOX	0.9219480950504662	optimal
GLYt2r	0.921948095050463	optimal
GMAND	0.9219480950504501	optimal
GMHEPAT	1.1579812668205746e-16	optimal
GMHEPK	-2.7934161934356185e-16	optimal
GMHEPPA	4.643869085800042e-16	optimal
GMPR	0.9219480950504666	optimal
GMPS2	-6.675370781742184e-16	optimal
GND	0.9014927680265553	optimal
GNK	0.9219480950504682	optimal
GOFUCR	0.9219480950504684	optimal
GP4GH	0.9219480950504501	optimal
GPDDA1	0.9219480950504585	optimal
GPDDA2	0.9219480950504797	optimal
GPDDA3	0.9219480950504659	optimal
GPDDA4	0.9219480950504666	optimal
GPDDA5	0.9219480950504686	optimal
GRTT	0.9219480950504715	optimal
GSNK	0.9219480950504638	optimal
GSNt2	0.9219480950504582	optimal
GSPMDA	0.9219480950504814	optimal
GSPMDS	0.9219480950504625	optimal
GTHOr	0.9219480950504624	optimal
GTHS	0.9219480950504598	optimal
GTPCII2	7.682504999830709e-16	optimal
GTPCI_1	5.55016657448433e-17	optimal
GUAD	0.9219480950504656	optimal
GUAPRT	0.9219480950504801	optimal
GUAt	0.9219480950504672	optimal
GUAt2r	0.9219480950504599	optimal
GUI1	0.921948095050479	optimal
GUI2	0.921948095050493	optimal
H2Ot	0.28809966965673617	optimal
HBZOPT	0.9219480950504667	optimal
HCINNMt2r	0.9219480950504676	optimal
HCO3E	1.5190272414171946e-15	optimal
HDCAt2	0.921948095050458	optimal
HEMEOS	0.9219480950504771	optimal
HETZK	0.9219480950504713	optimal
HEX1	0.9219480950504648	optimal
HISTD	8.47713683012337e-16	optimal
HISTP	-1.6204600729818396e-16	optimal
HISabc	0.9219480950504771	optimal
HISt2r	0.9219480950504693	optimal
HKNDDH_1	0.9219480950504625	optimal
HKNTDH_1	0.9219480950504604	optimal
HMBS	0.9219480950504654	optimal
HMPK1	0.9219480950504676	optimal
HOPNTAL	0.9219480950504684	optimal
HPPK2	3.0983774467055336e-15	optimal
HPPPNDO_1	0.9219480950504598	optimal
HPPPNt2r	0.9219480950504906	optimal
HPYRI	0.9219480950504729	optimal
HPYRRx	0.9219480950504227	optimal
HPYRRy	0.9219480950504708	optimal
HSDy	3.485627469274021e-15	optimal
HSK	0.9219480950504707	optimal
HSST	-4.47543037775809e-15	optimal
HSTPT	-3.5358771570631624e-16	optimal
HXPRT	0.9219480950504666	optimal
HYD1	0.9219480950504744	optimal
HYD2	0.9219480950504785	optimal
HYD3	0.9219480950505142	optimal
HYPOE	0.9219480950504616	optimal
HYXNt	0.9219480950504625	optimal
ICDHyr	-1.7120641163673257e-14	optimal
ICHORS	0.9219480950504729	optimal
ICHORT	0.921948095050464	optimal
ICL	0.9219480950504628	optimal
IDOND	0.9219480950504604	optimal
IDOND2	0.9219480950504569	optimal
IDONt2r	0.9219480950504652	optimal
IG3PS	6.029962793397684e-16	optimal
IGPDH	5.688217271335397e-19	optimal
IGPS	1.2187110039570692e-14	optimal
ILETA	-1.7908932684883757e-15	optimal
ILEabc	0.9219480950504669	optimal
ILEt2r	0.9219480950504707	optimal
IMPC	1.5279301614948245e-15	optimal
IMPD	1.054788549444481e-16	optimal
INDOLEt2r	0.9219480950504776	optimal
INSK	0.9219480950504723	optimal
INSt2_copy1	0.9219480950504653	optimal
INSt2_copy2	0.9219480950504665	optimal
IPDDI	0.9219480950504657	optimal
IPDPS	0.921948095050474	optimal
IPMD	-1.523100568399349e-13	optimal
IPPMIa	-1.522515515483235e-16	optimal
IPPMIb	-4.778062951939189e-17	optimal
IPPS	1.015859997081386e-15	optimal
KARA1	-3.114188119765302e-17	optimal
KARA2	-1.138006447065916e-15	optimal
KAS14	0.9219480950504227	optimal
KAS15	0.9219480950504797	optimal
KAS16	7.931475500978138e-16	optimal
KDOCT2	-4.485113653609056e-16	optimal
KDOPP	2.2610946759556594e-15	optimal
KDOPS	1.812381326549188e-16	optimal
KG6PDC	0.921948095050443	optimal
Kabc	0.9219480950504775	optimal
Kt2r	0.9219480950504642	optimal
LACZ	0.9219480950505142	optimal
LCADi_copy1	0.9219480950504771	optimal
LCADi_copy2	0.9219480950504679	optimal
LCARS	0.921948095050495	optimal
LCTSt	0.9219480950504906	optimal
LDH_D	0.921948095050468	optimal
LDH_D2	0.9219480950504664	optimal
LEUTAi	-4.461685553932583e-16	optimal
LEUabc	0.921948095050466	optimal
LEUt2r	0.9219480950504652	optimal
LGTHL	0.9219480950504507	optimal
LPADSS	-4.774781754671326e-16	optimal
LPLIPA1	0.921948095050495	optimal
LPLIPA2	0.9219480950504692	optimal
LPLIPA3	0.9219480950504888	optimal
LPLIPA4	0.9219480950504659	optimal
LPLIPA5	0.9219480950504645	optimal
LPLIPA6	0.9219480950503732	optimal
LPSSYN_EC	-1.4563097785486578e-16	optimal
LYSDC	0.9219480950504654	optimal
LYSabc	0.921948095050471	optimal
LYSt2r	0.921948095050493	optimal
L_LACD2	0.9219480950504652	optimal
L_LACD3	0.921948095050458	optimal
L_LACt2r	0.9219480950504775	optimal
M1PD	0.9219480950504666	optimal
MACPD	0.9219480950504432	optimal
MALS	0.9217722909829197	optimal
MALTHXabc	0.9219480950504717	optimal
MALTPTabc	0.9219480950504612	optimal
MALTTRabc	0.9219480950504598	optimal
MALTTTRabc	0.9219480950504667	optimal
MALTabc	0.9219480950504675	optimal
MALTpts	0.9219480950504677	optimal
MALt2_2	0.9219480950504658	optimal
MALt2_3	0.9219480950504645	optimal
MAN1PT2	0.9219480950504666	optimal
MAN6PI	0.9219480950504769	optimal
MAN6Pt6_2	0.9219480950504686	optimal
MANAO	0.9219480950504686	optimal
MANpts	0.9219480950504227	optimal
MCITD	0.9219480950504678	optimal
MCITL2	0.9219480950504725	optimal
MCITS	0.921948095050459	optimal
MCOATA	-1.7929865747224274e-17	optimal
MDH	0.8814605051328638	optimal
MDH2	0.9219480950504715	optimal
MDH3	0.9219480950504763	optimal
MDRPD	9.885485926678597e-16	optimal
ME1	0.9219480950504667	optimal
ME2	0.921948095050458	optimal
MECDPDH	0.9219480950504639	optimal
MECDPS	0.9219480950504655	optimal
MELIBt2	0.9219480950504665	optimal
MEPCT	0.921948095050459	optimal
METAT	2.460564728416791e-16	optimal
METDabc	0.9219480950504599	optimal
METS_1	-4.824410577256422e-16	optimal
METabc	0.9219480950504686	optimal
MGSA	0.9219480950504665	optimal
MI1PP	0.9219480950504675	optimal
MICITDr	0.9219480950504666	optimal
MLTG1	0.9219480950504616	optimal
MLTG2	0.9219480950504678	optimal
MLTG3	0.9219480950504628	optimal
MLTG4	0.9219480950504666	optimal
MLTG5	0.9219480950504675	optimal
MLTP1	0.921948095050471	optimal
MLTP2	0.9219480950504569	optimal
MLTP3	0.9219480950504677	optimal
MMCD	0.9219480950504599	optimal
MME	0.9219480950504828	optimal
MMM2	0.9219480950504828	optimal
MNLpts	0.9219480950504666	optimal
MNNH	0.9219480950504767	optimal
MOAT	6.532474554114753e-16	optimal
MOAT2	5.3230731377013115e-15	optimal
MOHMT	1.812381326549188e-16	optimal
MTAN	-4.3526468980109276e-16	optimal
MTHFC_1	0.8958133490906693	optimal
MTHFD_1	0.8958133490906658	optimal
MTHFR2_1	0.0	optimal
MTRI	-5.439352230679927e-17	optimal
MTRK	-2.4787387794948193e-15	optimal
NACODA	0.9219480950504675	optimal
NACt	0.9219480950504672	optimal
NADDP	0.9219480950504649	optimal
NADDPe	0.921948095050458	optimal
NADH10	0.9219480950504501	optimal
NADH5	0.9219480950504714	optimal
NADH6	0.8617381912826496	optimal
NADH7	0.9219480950504697	optimal
NADH8	0.9219480950504676	optimal
NADH9	0.9219480950504779	optimal
NADK	-4.492041976415389e-16	optimal
NADPPPS	0.9219480950504814	optimal
NADS1	-9.910483326417487e-12	optimal
NADTRHD	0.9219480950504501	optimal
NAMNPP	0.9219480950504585	optimal
NAt3_1	0.9219480950504604	optimal
NAt3_15	0.9219480950504775	optimal
NAt3_2	0.9219480950504634	optimal
NDPK1	0.921948095050474	optimal
NDPK2	1.0973938051715726e-16	optimal
NDPK3	0.9205103139758772	optimal
NDPK4	-3.255668812342521e-16	optimal
NDPK5	0.9219480950504604	optimal
NDPK6	0.921948095050461	optimal
NDPK7	0.9219480950504569	optimal
NDPK8	0.9219480950504679	optimal
NH4t	3.7587410255908695e-16	optimal
NMNAT	0.9219480950504643	optimal
NMNDA	0.9219480950504655	optimal
NMNN	0.9219480950504678	optimal
NMNP	0.9219480950504706	optimal
NMNt7	0.9219480950504761	optimal
NNAM	0.9219480950504677	optimal
NNATr	8.231593327894307e-12	optimal
NNDMBRT	0.9219480950504678	optimal
NNDPR	-1.4186067584398697e-12	optimal
NO2t2r	0.921948095050443	optimal
NO3R1	0.9219480950504656	optimal
NO3R2	0.9219480950504655	optimal
NO3t7	0.921948095050471	optimal
NPHS	0.9219480950504599	optimal
NTD1	0.9219480950504604	optimal
NTD10	0.9219480950504598	optimal
NTD11	0.9219480950504599	optimal
NTD2	0.9219480950504676	optimal
NTD3	0.9219480950504757	optimal
NTD4	0.9219480950504775	optimal
NTD5	0.9219480950504558	optimal
NTD6	0.9219480950504666	optimal
NTD7	0.9219480950504985	optimal
NTD8	0.9219480950504628	optimal
NTD9	0.9219480950503732	optimal
NTPP1	0.9219480950504678	optimal
NTPP2	0.9219480950504635	optimal
NTPP3	0.9219480950504655	optimal
NTPP4	0.9219480950504628	optimal
NTPP5	0.9219480950504739	optimal
NTPP6	0.9219480950504739	optimal
NTPP7	0.921948095050495	optimal
NTPP8	0.9219480950504729	optimal
NTPTP1	0.9219480950504605	optimal
NTPTP2	0.9219480950504658	optimal
NTRIR2x	0.9219480950504764	optimal
O2t	0.21625391874423577	optimal
OBTFL	0.9219480950504703	optimal
OCBT	2.596330409918073e-16	optimal
OCDCAt2	0.9219480950504655	optimal
OCTDPS	0.9219480950504604	optimal
OHPBAT	0.921948095050463	optimal
OHPHM	0.9219480950504814	optimal
OMBZLM	0.9219480950504678	optimal
OMCDC	-3.559275374519632e-16	optimal
OMMBLHX	0.9219480950504814	optimal
OMPDC	-2.756676368740254e-16	optimal
OMPHHX	0.9219480950504717	optimal
OP4ENH	0.9219480950504707	optimal
OPHBDC	0.9219480950504985	optimal
OPHHX	0.9219480950504703	optimal
ORNDC	0.9212816730641487	optimal
ORNTA	0.9219480950504675	optimal
ORNabc	0.9219480950504667	optimal
ORPT	4.492122822642909e-16	optimal
OXGDC2	0.9219480950504655	optimal
P5CD	0.9219480950504604	optimal
P5CR	1.1785581062564008e-16	optimal
PACCOAL	0.9219480950504739	optimal
PANTS	-5.513352737480508e-16	optimal
PAPA_EC	0.921948095050479	optimal
PAPPT3	-1.7076906277210952e-16	optimal
PAPSR	-1.2512655941745694e-15	optimal
PASYN_EC	1.8810776693920605e-16	optimal
PDH	0.8926572600874665	optimal
PDX5POi	0.9219480950504677	optimal
PDX5PS	0.9219480950504685	optimal
PDXPP	0.9219480950504669	optimal
PEAMNO	0.9219480950504598	optimal
PEPT_EC	0.0	optimal
PERD	0.9219480950504599	optimal
PFK	0.908282145790747	optimal
PFK_2	0.9219480950504634	optimal
PFL	0.9219480950504723	optimal
PGAMT	-2.8511621745406e-16	optimal
PGCD	-4.086667092539141e-16	optimal
PGI	0.9059834154159606	optimal
PGK	0.6250126844973244	optimal
PGL	0.901492768026561	optimal
PGLYCP	0.9219480950504638	optimal
PGM	0.7452932943570839	optimal
PGMT	-3.457328336155496e-14	optimal
PGPP_EC	-3.865951230506865e-15	optimal
PGSA_EC	-8.001099123202864e-17	optimal
PHETA1	4.796804258309042e-17	optimal
PHEt2r	0.921948095050458	optimal
PIabc	0.9219480950504697	optimal
PIt2r	0.9176974030177777	optimal
PLIPA1	0.9219480950504658	optimal
PLIPA2	0.921948095050458	optimal
PLIPA3	0.9219480950504659	optimal
PMANM	0.9219480950504645	optimal
PMDPHT	0.0	optimal
PMPK	0.9219480950504723	optimal
PNTK	8.587569790224636e-17	optimal
PNTOt4	0.9219480950504639	optimal
POX	0.921948095050479	optimal
PPA	-1.8404640933699092e-15	optimal
PPAKr	0.9219480950504648	optimal
PPBNGS	0.9219480950504684	optimal
PPC	0.9191407168451518	optimal
PPCDC	9.470773471546482e-16	optimal
PPCK	0.9219480950504719	optimal
PPCSCT	0.9219480950504775	optimal
PPM	0.9208071989765431	optimal
PPM2	0.9207381055003204	optimal
PPNCL2	-2.6939045455482294e-11	optimal
PPND	-3.4754375287316295e-16	optimal
PPNDH	1.262431404840934e-16	optimal
PPPGO	0.9219480950504707	optimal
PPPNDO	0.9219480950504635	optimal
PPPNt2r	0.9219480950504776	optimal
PPS	0.9219480950504667	optimal
PPTGS	-5.718428385495919e-17	optimal
PRAGSr	-2.2159220727865458e-15	optimal
PRAIS	9.861602048349933e-14	optimal
PRAIi	1.689141780349432e-14	optimal
PRAMPC	2.1440391793783447e-16	optimal
PRASCSi	-1.4894306238338692e-14	optimal
PRATPP	1.833817663083462e-15	optimal
PRFGS	1.0408482420244604e-14	optimal
PRMICI	1.6886265727888813e-15	optimal
PROD2	0.9219480950504568	optimal
PROabc	0.921948095050458	optimal
PROt2r	0.9219480950504677	optimal
PROt4	0.9219480950504672	optimal
PRPPS	4.151565032740795e-14	optimal
PSCVT	4.944699722098681e-15	optimal
PSD_EC	7.441608044498994e-16	optimal
PSERT	5.051838253562662e-14	optimal
PSP_L	-1.3041293991640564e-16	optimal
PSSA_EC	-9.389728333126421e-16	optimal
PTA2	0.9219480950504785	optimal
PTAr	0.9189654936901712	optimal
PTPATi	-1.4540649705534277e-17	optimal
PTRCORNt7	0.9219480950504675	optimal
PTRCTA	0.921948095050479	optimal
PTRCabc	0.9219480950504692	optimal
PTRCt2	0.921948095050471	optimal
PUNP1	0.9219182569087172	optimal
PUNP2	0.9219480950504771	optimal
PUNP3	0.9219480950504684	optimal
PUNP4	0.9219480950504665	optimal
PUNP5	0.9219480950504413	optimal
PUNP6	0.9219480950504618	optimal
PUNP7	0.9219480950504662	optimal
PYAM5PO	0.9219480950504686	optimal
PYDAMK	0.9219480950504707	optimal
PYDXK	0.9219480950504685	optimal
PYDXNK	0.921948095050479	optimal
PYDXPP	0.9219480950504786	optimal
PYK	0.9219480950504692	optimal
PYNP2r	0.921948095050461	optimal
PYRt2	0.9219480950504678	optimal
QULNS_1	-1.7990210193169991e-12	optimal
RBFK	0.0	optimal
RBFSa	0.0	optimal
RBFSb	0.0	optimal
RBK	0.9219480950504814	optimal
RBK_L1	0.9219480950504684	optimal
RBP4E	0.9219480950504547	optimal
RHCCE	0.9219480950504638	optimal
RIBabc	0.9219480950504666	optimal
RMI	0.9219480950504658	optimal
RMK	0.9219480950504501	optimal
RMNt	0.9219480950504501	optimal
RMPA	0.9219480950504599	optimal
RNDR1	0.9219480950504672	optimal
RNDR2	0.9219480950504633	optimal
RNDR3	0.9219480950504677	optimal
RNDR4	0.9219480950504713	optimal
RNTR1	0.9219480950504585	optimal
RNTR2	0.9219480950504771	optimal
RNTR3	0.9219480950504723	optimal
RNTR4	0.9219480950504683	optimal
RPE	0.9084959669675426	optimal
RPI	1.6445154263167913e-15	optimal
RZ5PP	0.9219480950504679	optimal
S7PI	-1.084758791516517e-15	optimal
SADH	0.9219480950504713	optimal
SADT2	-3.0486298196050265e-16	optimal
SBTPD	0.9219480950504763	optimal
SBTpts	0.9219480950504634	optimal
SDPDS	1.002448336569816e-15	optimal
SDPTA	9.607421740806486e-16	optimal
SELNPS	0.9219480950504558	optimal
SERASr	0.9219480950504612	optimal
SERAT	9.523099811236705e-16	optimal
SERD_D	0.9219480950504714	optimal
SERD_L	0.9219480950504599	optimal
SERt2r	0.9219480950504678	optimal
SERt4	0.9219480950504763	optimal
SGDS	0.921948095050479	optimal
SGSAD	0.9219480950504713	optimal
SHCHCS2	0.9219480950504737	optimal
SHCHD2	0.9219480950504713	optimal
SHCHF	0.9219480950504675	optimal
SHK3Dr	9.851838872216426e-16	optimal
SHKK	3.2025848363680086e-14	optimal
SHSL1	0.0	optimal
SOTA	0.9219480950504518	optimal
SPMDAT1	0.921948095050471	optimal
SPMDAT2	0.9219480950504764	optimal
SPMDabc	0.9219480950504686	optimal
SPMS	4.664150603733778e-16	optimal
SPODM	0.921948095050458	optimal
SSALx	0.9219480950504771	optimal
SSALy	0.9219480950504707	optimal
SUCBZL	0.9219480950504723	optimal
SUCBZS	0.9219480950504627	optimal
SUCCabc	0.9219480950504797	optimal
SUCCt2_2	0.9219480950504769	optimal
SUCCt2_3	0.9219480950504628	optimal
SUCCt2r	0.9219480950504653	optimal
SUCD1	0.8733015758879318	optimal
SUCD4	0.8733015758879397	optimal
SUCFUMt	0.9219480950504658	optimal
SUCOAS	0.91045031886897	optimal
SUCpts	0.9219480950504771	optimal
SULR	-1.7664421978428966e-16	optimal
SULabc	-6.03460423200113e-16	optimal
TAGURr	0.9219480950504687	optimal
TALA	0.9061328900792479	optimal
TARTD	0.9219480950504656	optimal
TARTRt7	0.9219480950504744	optimal
TAUDO	0.9219480950504825	optimal
TAURabc	0.9219480950504643	optimal
TDPADGAT	0.9219480950504227	optimal
TDPAGTA	0.921948095050466	optimal
TDPDRE	0.9219480950504684	optimal
TDPDRR	0.9219480950504616	optimal
TDPGDH	0.921948095050458	optimal
TDSK	-8.783224932270525e-16	optimal
TGBPA	0.9219480950504582	optimal
THD2	0.9219480950504582	optimal
THDPS	-1.1676191692968973e-16	optimal
THMDt2_copy1	0.9219480950504659	optimal
THMDt2_copy2	0.9219480950504717	optimal
THMabc	0.9219480950504659	optimal
THRA	0.920738105500305	optimal
THRD	0.9219480950504678	optimal
THRD_L	1.6824349901943977e-16	optimal
THRS	0.9219480950504699	optimal
THRabc	0.9219480950504599	optimal
THRt2r	0.9219480950504667	optimal
THRt4	0.9219480950504678	optimal
THZPSN	0.921948095050495	optimal
TKT1	0.905825090863929	optimal
TKT2	0.9111826401056946	optimal
TMAOR1	0.9219480950504501	optimal
TMAOR1e	0.921948095050471	optimal
TMAOR2	0.9219480950504604	optimal
TMAOR2e	0.9219480950504569	optimal
TMDK1	0.9219480950504703	optimal
TMDPP	0.9219480950504685	optimal
TMDS	-4.7031163078781684e-17	optimal
TMK	0.9219480950504638	optimal
TMPK	0.9219480950504717	optimal
TMPPP	0.9219480950504658	optimal
TPI	0.8445864993220329	optimal
TRDR	-2.024808879225697e-14	optimal
TRE6PH	0.9219480950504739	optimal
TRE6PP	0.9219480950504622	optimal
TRE6PS	0.9219480950504692	optimal
TREH	0.9219480950504585	optimal
TREHe	0.9219480950503424	optimal
TREpts	0.9219480950504667	optimal
TRPAS2	0.9216662017024831	optimal
TRPS1	0.9219480950504548	optimal
TRPS2	0.9219480950504658	optimal
TRPS3	0.9216662017024788	optimal
TRPt2r	0.9219480950504744	optimal
TRSARr	0.9219480950504666	optimal
TSULabc	0.9219480950504643	optimal
TTDCAt2	0.9219480950504664	optimal
TYRTA	-5.740696852774619e-16	optimal
TYRt2r	0.921948095050461	optimal
U23GAAT	-6.728458582800414e-16	optimal
UAAGDS	2.7096886112954263e-15	optimal
UACMAMO	0.9219480950504569	optimal
UAG2E	0.921948095050479	optimal
UAGAAT	3.089331024048771e-16	optimal
UAGCVT	-1.1609672714500106e-16	optimal
UAGDP	1.301651996432574e-15	optimal
UAGPT3	3.71659323963709e-16	optimal
UAMAGS	-5.190431757978818e-16	optimal
UAMAS	5.478074399423988e-16	optimal
UAPGR	5.240014867326012e-17	optimal
UDCPDP	-5.564763095939483e-16	optimal
UDCPDPS	0.9219480950503424	optimal
UDPG4E	0.9219480950504678	optimal
UDPGALM	0.921948095050466	optimal
UDPGD	0.9219480950504672	optimal
UGLT	0.9219480950504678	optimal
UGLYCH	0.921948095050458	optimal
UGMDDS	2.426337377830608e-15	optimal
UHGADA	5.3230731377013115e-15	optimal
UMPK	1.863156933364336e-15	optimal
UNK3	-9.795439832349761e-17	optimal
UPP3MT	0.9219480950504797	optimal
UPP3S	0.9219480950504723	optimal
UPPDC1	0.9219480950504729	optimal
UPPRT	0.9219480950504713	optimal
URAt2_copy1	0.9219480950504713	optimal
URAt2_copy2	0.9219480950504696	optimal
UREAt	0.9219480950504723	optimal
URIDK2r	0.9217375642928798	optimal
URIK2	0.9219480950504639	optimal
URIt2_copy1	0.9219480950504413	optimal
URIt2_copy2	0.9219480950504678	optimal
USHD	4.326478639601739e-15	optimal
VALTA	0.921948095050483	optimal
VALabc	0.9219480950504678	optimal
VALt2r	0.9219480950504666	optimal
VPAMTr	0.9219480950504779	optimal
X5PL3E	0.9219480950504227	optimal
XANt	0.9219480950504654	optimal
XANt2	0.9219480950504779	optimal
XPPT	0.9219480950118438	optimal
XTSNt2	0.9219480950504687	optimal
XYLI1	0.9219480950504693	optimal
XYLI2	0.9219480950504667	optimal
XYLK	0.9219480950504717	optimal
XYLabc	0.9219480950118438	optimal
XYLt2	0.9219480950504675	optimal
